page,title,author,length,ratings
1,Delving and Dating,Daniel Schinhofen,9 hrs and 23 mins,4.8
1,Titan Mage Havoc and the Frigid Flame,Edie Skye,12 hrs and 16 mins,4.8
1,Just for the Plot,Meghan Quinn,13 hrs and 28 mins,Not rated yet
1,Mage Tank 5,Cornman,22 hrs and 27 mins,Not rated yet
1,A Much Maligned Miss,Alice Coldbreath,15 hrs and 13 mins,5.0
1,Thirteen Days of Trouble,Ship Teaser,34 hrs and 40 mins,5.0
1,Threshing Day [Dramatized Adaptation],Rebecca Yarros,5 hrs,Not rated yet
1,WTF America?!,"Ben Meiselas, Brett Meiselas, Jordy Meiselas",10 hrs,Not rated yet
1,Bram Stoker's Dracula,"Bram Stoker, Robyn Ahern - adaptation",Not Yet Known,Not rated yet
1,Bunny Girl Evolution 3,Sir Bedivere the Mad,16 hrs and 47 mins,Not rated yet
1,Pacific Piracy,Jasmine Webb,5 hrs and 32 mins,5.0
1,The Risk Taker,Elle Nicoll,11 hrs and 3 mins,4.8
1,The Infinite Extent,Dennis E. Taylor,8 hrs and 22 mins,Not rated yet
1,Cruel Savior,Lilith Vincent,9 hrs and 17 mins,5.0
1,The Primal Hunter 15,Zogarth,21 hrs and 3 mins,Not rated yet
1,Storm Warning,JK Franks,17 hrs and 24 mins,Not rated yet
1,He Who Fights with Monsters 13: A LitRPG Adventure,"Shirtaloon, Travis Deverell",22 hrs and 34 mins,Not rated yet
1,Skill Eater 4,Magnus Grey,20 hrs and 54 mins,Not rated yet
1,Patient Zero,Jack Slater,10 hrs and 28 mins,5.0
1,The Chef,K. L. Slater,8 hrs and 12 mins,4.4
2,Breaking Point,Mads Rafferty,12 hrs and 15 mins,5.0
2,Chaotic,Shantel Tessier,31 hrs and 23 mins,4.9
2,Just Watch Me,Rosalind James,16 hrs and 42 mins,5.0
2,Better the Devil,JD Kirk,10 hrs and 57 mins,4.9
2,"Harsh Starlight, Vol. 1",M.E. Thorne,11 hrs and 14 mins,4.6
2,"A Dear, Sweet Girl",Tiffany Thomas,14 hrs and 27 mins,5.0
2,Fated Throne (2 of 2) [Dramatized Adaptation],"Caroline Peckham, Susanne Valenti",13 hrs,Not rated yet
2,A Companion to the Book of Enoch,Dr. Michael S. Heiser,6 hrs and 19 mins,Not rated yet
2,Battle Through the Nine Realms 3,Shawn Wilson,14 hrs and 45 mins,5.0
2,"Not (Just) a Mage Lord Isekai, 2",Draith,20 hrs and 10 mins,4.5
2,Fatal Deception,"Elle Gray, K.S. Gray",8 hrs and 2 mins,5.0
2,The Ice Queen Billionaire,Zoe Dod,12 hrs and 14 mins,4.7
2,Rites of the Starling (2 of 2) [Dramatized Adaptation],Devney Perry,8 hrs,Not rated yet
2,Threshing Day (Wing and Claw Collection),Rebecca Yarros,5 hrs and 30 mins,Not rated yet
2,Rise of the Living Forge 6,Actus,22 hrs and 11 mins,Not rated yet
2,The Resilience Of Stars,Xara Kenley,11 hrs and 28 mins,4.9
2,My Favorite Sinners,Skyla Summers,7 hrs and 43 mins,4.8
2,Sweet Oblivion,Bella Matthews,7 hrs and 53 mins,4.9
2,Dark Union,Mark Greaney,Not Yet Known,Not rated yet
2,A Court of Thorns and Roses 7,Sarah J. Maas,7 hrs and 30 mins,Not rated yet
3,Burn of the Everflame,Penn Cole,26 hrs and 40 mins,Not rated yet
3,Queen's Kestrel 7,Danny Rogan,10 hrs and 44 mins,5.0
3,Alien Olympus,Glynn Stewart,11 hrs and 10 mins,4.4
3,Halo: The Fall of Reach (Full-Cast Dramatized Adaptation),Eric Nylund,11 hrs,Not rated yet
3,Adventures in Godok,"Always RollsAOne, Erick Thiemke",17 hrs and 21 mins,4.8
3,Boundless Pride,Jay Krauss,11 hrs and 26 mins,Not rated yet
3,The House of Mystery,Joy Ellis,13 hrs and 17 mins,4.1
3,Framed for Murder,T.L. Haseeb,10 hrs and 12 mins,4.3
3,Vows of Blood and Deception,Aria Ashbrook,18 hrs and 18 mins,4.8
3,"Soccer Supremo, 1",Ted Steel,20 hrs and 56 mins,4.0
3,Pretty Dead Girl,Natalie Tielcke,4 hrs and 52 mins,4.5
3,Her Silence,S. T. Ashman,8 hrs and 54 mins,4.4
3,A Very Good Bad Idea,Emma Chase,7 hrs and 22 mins,4.5
3,Alpha Strike,"David Bruns, J.R. Olson",9 hrs and 19 mins,5.0
3,Hex Kittens 4,"Adam Lance, Michael Dalton, Neil Bimbeau",4 hrs and 26 mins,5.0
3,Birds of Prey,"J.N. Chaney, Terry Maggert",10 hrs and 54 mins,Not rated yet
3,Reclaim Me,L A Gallagher,9 hrs and 5 mins,Not rated yet
3,He Who Fights with Monsters 2,"Shirtaloon, Travis Deverell",22 hrs and 1 min,4.9
3,Stormz Rising,Nicky James,12 hrs and 21 mins,4.9
3,Heroes of the Sky,D. Kahn,19 hrs and 58 mins,Not rated yet
4,Understanding the Forex Landscape,Kendall Little,6 mins,Not rated yet
4,Too Stubborn to Die 2,"B. F. Huups, Sir Bedivere The Mad",19 hrs and 1 min,4.8
4,AI for Learning and Doing,Tracy Morales,7 mins,Not rated yet
4,He Who Fights with Monsters 3,"Shirtaloon, Travis Deverell",24 hrs and 39 mins,4.8
4,Reading the Currency Flow,Logan Chasey,7 mins,Not rated yet
4,Derek's Dungeon Depot 2,Little Lynx,12 hrs and 2 mins,5.0
4,Around the World,Nicole Pyland,6 hrs and 8 mins,5.0
4,A Court of Thorns and Roses 6,Sarah J. Maas,7 hrs and 30 mins,Not rated yet
4,"God, AI and the End of History",John C Lennox,30 hrs and 16 mins,Not rated yet
4,"Earthen Contenders Collection, Books 4-6",Jonathan Brooks,43 hrs and 47 mins,5.0
4,The Boy in the Emerald Fire,C.A. Jackson,11 hrs and 6 mins,Not rated yet
4,The Throne of Broken Gods (2 of 2) [Dramatized Adaptation],Amber V. Nicole,12 hrs,Not rated yet
4,Make Me,Adriana Locke,8 hrs and 10 mins,4.0
4,Iron Blooded 3,Reece Brooks,17 hrs and 51 mins,4.6
4,Native American Mythology,Frank Hamilton Cushing,11 hrs and 55 mins,5.0
4,A Simple Love,Melanie Moreland,6 hrs and 37 mins,4.9
4,"Rapport: Friendship, Solidarity, Communion, Empathy",Martha Wells,48 mins,Not rated yet
4,The Currency Chart Companion,Ingram Hoffman,7 mins,Not rated yet
4,AI for Organized Thinking,Valerie Bush,7 mins,Not rated yet
4,Artificial Intelligence in Practice,Maynard Quinn,6 mins,Not rated yet
5,CHRONICLES OF THE GOLDEN SKIES,T. GREY,35 hrs and 52 mins,Not rated yet
5,Reclaiming the Mind and Body,L. Stoller,29 hrs and 47 mins,Not rated yet
5,Backtrack,Marc Cameron,13 hrs and 51 mins,Not rated yet
5,Arcane Arctic 5,Peter North,15 hrs and 15 mins,5.0
5,Journey to Amazonia,Ali Vali,9 hrs and 45 mins,5.0
5,Illegal Formation,Kandi Steiner,11 hrs and 40 mins,4.5
5,"Reborn as a Space Mercenary: I Woke Up Piloting the Strongest Starship!, Vol. 15",Ryuto,5 hrs and 48 mins,4.9
5,The Intelligent Future Framework,Jamie Bourn,6 mins,Not rated yet
5,Creation,Sean Oswald,19 hrs and 38 mins,4.7
5,He Who Fights with Monsters 4,"Shirtaloon, Travis Deverell",22 hrs and 20 mins,4.8
5,A Murder at the Royal Opera,Magda Alexander,8 hrs and 44 mins,5.0
5,Crown Me Yours,Liv Zander,8 hrs and 17 mins,5.0
5,The Last Renewal,T.C. Edge,50 hrs and 13 mins,Not rated yet
5,Double Interference,Madi Danielle,10 hrs and 54 mins,4.8
5,Portal to Nova Roma: Paris,J.R. Mathews,25 hrs and 12 mins,4.9
5,Thunderstruck,Beth Bolden,12 hrs and 27 mins,4.7
5,The Davenports Box Set,L. Steele,85 hrs and 23 mins,Not rated yet
5,Artificial Intelligence for Busy People,Justine Pearson,7 mins,Not rated yet
5,Sin City Dark,Leigh Iversen,14 hrs and 27 mins,4.5
5,The AI Advantage in Daily Work,Audrey Sutton,6 mins,Not rated yet
6,The Human Side of Online Marketing,Tristan Hewitt,6 mins,Not rated yet
6,Gym Bros,August Jones,11 hrs and 44 mins,4.8
6,RV Mage 4,Noah Layton,5 hrs and 16 mins,5.0
6,Fae and Fare,pirateaba,61 hrs and 4 mins,4.8
6,"The Trouble Shooter, Part 2",C.J. Petit,9 hrs and 47 mins,5.0
6,The Calm Path to Personal Growth,Mortimer Lynch,7 mins,Not rated yet
6,Perfectly You,Claudia Burgoa,6 hrs and 15 mins,3.5
6,The Last to Drown: A Thriller,Noelle W. Ihli,8 hrs and 9 mins,4.2
6,A Reptile Dysfunction,Jerry Boyd,8 hrs and 13 mins,Not rated yet
6,When the Moon Hatched,Sarah A. Parker,20 hrs and 12 mins,4.3
6,Nothing Left,Evan Barker,6 hrs and 50 mins,Not rated yet
6,Summer Knight [Dramatized Adaptation],Jim Butcher,11 hrs,4.3
6,End of King,Alvin Atwater,14 hrs and 12 mins,5.0
6,Il Calamity Club,Kathryn Stockett,28 hrs and 42 mins,Not rated yet
6,He Who Fights with Monsters 5,"Shirtaloon, Travis Deverell",20 hrs and 5 mins,4.8
6,Honor Requires,MJ Stratton,15 hrs and 6 mins,5.0
6,He Who Fights with Monsters 6,"Shirtaloon, Travis Deverell",15 hrs and 49 mins,4.9
6,Dual Class 4,Arthur Inverse,16 hrs and 14 mins,4.4
6,1916 Angels over the Somme,Griff Hosker,9 hrs and 16 mins,5.0
6,A Pack of Tales,Mary Ann Weir,14 hrs and 50 mins,5.0
7,Madness & Mayhem,Emma Slate,11 hrs and 22 mins,4.2
7,The AI Prompt Engineering Principles,Pierce Caldwell,5 hrs and 57 mins,4.8
7,Zodiac Academy 8,"Caroline Peckham, Susanne Valenti",36 hrs and 41 mins,4.5
7,"State of Unrest, A First Family Novel",Marie Force,11 hrs and 49 mins,4.9
7,You Will Never Know,Sophia Prentiss,8 hrs and 52 mins,4.2
7,The Beginner’s Guide to Better Habits,Nico Stokes,6 mins,Not rated yet
7,Small Business Marketing Clarity,Zachary Erickson,9 mins,Not rated yet
7,The Human-AI Workflow,Felipa Campa,6 mins,Not rated yet
7,The Everyday Digital Marketer,Ged Nunez,10 mins,Not rated yet
7,The Beginner’s Guide to Digital Positioning,Wynne Warner,9 mins,Not rated yet
7,The Better Direction Method,Victor Wheatly,5 mins,Not rated yet
7,The Digital Outreach Handbook,Neal Douglas,9 mins,Not rated yet
7,The New Digital Assistant,Dale Estrada,6 mins,Not rated yet
7,Self-Improvement Made Realistic,Lucy Vasquez,6 mins,Not rated yet
7,Confident Digital Marketing for Small Teams,Shawn Lane,9 mins,Not rated yet
7,Sustainable Digital Marketing Practices,Priscilla Hampton,8 mins,Not rated yet
7,The Local Business Online Advantage,Irene George,9 mins,Not rated yet
7,The Steady Marketing Playbook,Shawn Lane,8 mins,Not rated yet
7,The Stone Sisters,Margot Hunt,7 hrs and 15 mins,4.6
7,Hell Difficulty Tutorial 6,Cerim,22 hrs and 3 mins,4.9
8,Land of Wolves: Atonement,Invi Wright,7 hrs and 48 mins,4.7
8,Marsh Mystics,Jana DeLeon,9 hrs and 2 mins,4.9
8,Honovi's Briefs,Lucy Lennox,1 hr and 43 mins,4.7
8,Dark Chains,I. T. Lucas,9 hrs and 35 mins,4.6
8,Jewel Sowers: A Novel,Edith Allonby,9 hrs and 8 mins,Not rated yet
8,The Mistake,Elle Kennedy,10 hrs and 11 mins,4.4
8,The Wedding Lies,Jade Lee Wright,9 hrs and 56 mins,4.2
8,The Responsible AI User,Emma Harris,6 mins,Not rated yet
8,The Small Business Online Communication System,Tyne Green,9 mins,Not rated yet
8,Digital Visibility for Beginners,Fred Wheatly,9 mins,Not rated yet
8,Understanding Generative Intelligence,Sophia Presley,6 mins,Not rated yet
8,Awakening,C.M. Barnes,9 hrs and 14 mins,Not rated yet
8,Remnants,Bruno Miller,9 hrs and 22 mins,3.0
8,The Bequest,Andrew J Wakefield,4 hrs and 20 mins,5.0
8,Real-World Digital Strategy for Small Business,Diana Skinner,7 mins,Not rated yet
8,"Calm, Organized Finances",Verda Geis,8 mins,Not rated yet
8,Jilly Cooper's A Pressing Engagement,"Jilly Cooper, Dare Aiyegbayo - adaption",2 hrs and 43 mins,4.7
8,Mjolnir,B.C. James,12 hrs and 1 min,Not rated yet
8,The Irresistible One,Marni Mann,9 hrs and 14 mins,4.8
8,Digital Promotion for Practical Entrepreneurs,Barbara Jennings,9 mins,Not rated yet
9,Working Smarter with AI,Joan Padilla,6 mins,Not rated yet
9,He Who Fights with Monsters: A LitRPG Adventure,"Shirtaloon, Travis Deverell",28 hrs and 56 mins,4.8
9,She Ain't Never Met Another One Like Me 3,Jahquel J.,5 hrs and 52 mins,Not rated yet
9,The First Great Game 6,Pierce Grey,12 hrs and 32 mins,5.0
9,Steel,Kimberly Brown,11 hrs and 32 mins,Not rated yet
9,What She Heard,Jen Aisling,3 hrs and 13 mins,4.5
9,Lord of Chaos,Robert Jordan,41 hrs and 32 mins,4.8
9,Uncapped,Dakota Krout,16 hrs and 25 mins,4.8
9,The Thoughtful Life Framework,Kerry King,6 mins,Not rated yet
9,The Beginner’s Guide to Smart Money Choices,Gresham Graves,6 mins,Not rated yet
9,The Online Presence Starter Manual,ron Curry,8 mins,Not rated yet
9,Personal Development Without Pressure,Keith Porter,6 mins,Not rated yet
9,Empire of Storms,Sarah J. Maas,25 hrs and 18 mins,4.8
9,The Last Safe House,"Joey Wells, Carter Woods, Colton Lively",29 hrs and 50 mins,Not rated yet
9,The Gate of the Feral Gods,Matt Dinniman,18 hrs and 3 mins,4.9
9,Heaven's River,Dennis E. Taylor,16 hrs and 57 mins,4.8
9,The Face,Dean Koontz,19 hrs and 33 mins,4.8
9,Wrecked Beginnings,Catherine Cowles,27 hrs and 20 mins,4.8
9,The Butcher's Masquerade,Matt Dinniman,23 hrs and 33 mins,4.9
9,The Eye of the Bedlam Bride,Matt Dinniman,26 hrs and 46 mins,4.9
10,Ruin,Nicoli Gonnella,34 hrs and 46 mins,4.9
10,Your First Financial Plan,Eden Francis,7 mins,Not rated yet
10,The Everyday Self-Improvement Guide,Helen Moody,6 mins,Not rated yet
10,Breaking His Rules,Layla Hagen,7 hrs and 28 mins,4.4
10,The Man in the Brown Suit,Agatha Christie,8 hrs and 24 mins,4.0
10,The Highlander's Cursed Lass,Julie Johnstone,6 hrs and 59 mins,Not rated yet
10,The Tutor,Rosie Day,10 hrs and 1 min,4.5
10,He Who Fights with Monsters 11: A LitRPG Adventure,"Shirtaloon, Travis Deverell",26 hrs and 19 mins,4.9
10,The Janitor,Don Winslow,3 hrs and 4 mins,4.5
10,Morning Star,Pierce Brown,21 hrs and 50 mins,4.8
10,Tower of Dawn,Sarah J. Maas,22 hrs and 39 mins,4.8
10,Iron Flame,Rebecca Yarros,28 hrs and 16 mins,4.8
10,The Nanny,Heather Burnside,7 hrs and 21 mins,4.3
10,Sunrise on the Reaping (The Hunger Games),Suzanne Collins,12 hrs and 48 mins,4.8
10,Golden Son,Pierce Brown,19 hrs and 3 mins,4.8
10,A Court of Wings and Ruin,Sarah J. Maas,25 hrs and 9 mins,4.8
10,He Who Fights with Monsters 12: A LitRPG Adventure,"Shirtaloon, Travis Deverell",19 hrs and 26 mins,4.8
10,Secrets and Shadows Duet,Jay Trott,15 hrs and 51 mins,Not rated yet
10,Sleeping Beauties,Sam Holland,7 hrs and 12 mins,4.6
10,Five Liars,D.L. Fisher,8 hrs and 9 mins,3.9
11,A Court of Mist and Fury,Sarah J. Maas,23 hrs and 16 mins,4.8
11,This Inevitable Ruin,Matt Dinniman,28 hrs and 40 mins,4.9
11,Carl's Doomsday Scenario,Matt Dinniman,11 hrs and 28 mins,4.9
11,Joel,Dale Mayer,5 hrs and 32 mins,4.8
11,The Devoted Wife,Sarah A. Denzil,7 hrs and 10 mins,4.5
11,The Chronicles of Narnia Complete Audio Collection,C. S. Lewis,33 hrs and 45 mins,4.8
11,He Who Fights with Monsters 9,"Shirtaloon, Travis Deverell",28 hrs and 3 mins,4.8
11,The Wolf Queen,Lauren Palphreyman,12 hrs,Not rated yet
11,Knights Like These,Kendall Ryan,6 hrs and 55 mins,4.7
11,Hold the Line,Hazel Holmes,7 hrs and 9 mins,Not rated yet
11,The Landlady,Jane E. James,7 hrs and 57 mins,4.3
11,Old 2 Young,Jason Fronde,33 mins,Not rated yet
11,House of Sky and Breath,Sarah J. Maas,27 hrs and 42 mins,4.8
11,Artificial Intelligence Decoded,Bentley Clark,6 mins,Not rated yet
11,SPLBERG,Charlie Webster,5 hrs and 8 mins,4.3
11,Winter Solstice,pirateaba,34 hrs and 14 mins,4.8
11,Nothing in Moderation,Shep Rose,4 hrs and 20 mins,Not rated yet
11,All the Time in the World,Cara Bastone,4 hrs and 26 mins,4.7
11,Fourth Wing,Rebecca Yarros,22 hrs and 2 mins,4.7
11,Artemis,Andy Weir,8 hrs and 57 mins,4.3
12,Bratva Kings,Jane Henry,56 hrs and 37 mins,4.7
12,The Delivery,Gregg Hurwitz,4 hrs and 48 mins,4.3
12,Resist Me,Kelsie Rae,15 hrs and 46 mins,4.5
12,"Artificial Intelligence, Explained Through Use",Scout Yates,7 mins,Not rated yet
12,A Parade of Horribles,Matt Dinniman,20 hrs and 27 mins,4.9
12,Queen of Shadows,Sarah J. Maas,20 hrs and 43 mins,4.8
12,Path of the Berserker 5,Rick Scott,20 hrs and 37 mins,4.9
12,Exploring Parallel Universes,Frederick Dodson,9 hrs and 54 mins,Not rated yet
12,Fourth Wing (Part 2 of 2) (Dramatized Adaptation),Rebecca Yarros,10 hrs and 40 mins,4.8
12,BEAUTIFUL CRACKS,James Ellery,3 hrs and 12 mins,Not rated yet
12,The Primal Hunter 14,Zogarth,18 hrs and 38 mins,4.9
12,The Yacht,Kayte Nunn,8 hrs and 27 mins,4.2
12,The Last Light,pirateaba,52 hrs and 17 mins,4.8
12,The Deal,Elle Kennedy,12 hrs and 25 mins,4.5
12,Home Ice,Saxon James,7 hrs and 58 mins,4.9
12,The Martian,Andy Weir,10 hrs and 59 mins,4.8
12,A Wretched Folly,Lynn Messina,7 hrs and 59 mins,5.0
12,The Disciplined Forex Trader,Kim Peay,7 mins,Not rated yet
12,Kingdom of Ash,Sarah J. Maas,33 hrs and 11 mins,4.9
12,The Troublemaker,Piper Rayne,9 hrs and 40 mins,4.8
13,Andy in the Apocalypse 2,Plum Parrot,18 hrs and 32 mins,4.9
13,Rules for the Summer,Meghan Quinn,15 hrs and 21 mins,4.4
13,Insurgent,"Jeffrey Wilson, Brian Andrews",11 hrs and 52 mins,4.9
13,"All Jobs and Classes! I Just Wanted One Skill, Not Them All!: Book III",Comedian0 L,23 hrs and 17 mins,4.8
13,Heads Will Roll: Heir Apparent,"Kate McKinnon, Emily Lynne",3 hrs and 25 mins,4.4
13,The Letter Writer,Astrid Veld,10 hrs and 14 mins,Not rated yet
13,"Warforged Summoner, Book 1",Lorin,14 hrs and 22 mins,4.9
13,Beautiful Onyx Array,Aricka Alexander,2 hrs and 58 mins,5.0
13,The Guided Path to AI Use,Laurel Mills,7 mins,Not rated yet
13,Think Like an Inventor,Dan Furze,3 hrs and 40 mins,Not rated yet
13,A Court of Silver Flames,Sarah J. Maas,26 hrs and 5 mins,4.7
13,The Fractured Tower 1,"D.E. Sherman, EmergencyComplaints",20 hrs and 53 mins,4.5
13,Family Bonds,Bruce Sentar,14 hrs and 6 mins,4.9
13,The Summer Oath,Claire Friedman,3 hrs and 49 mins,4.2
13,The Dungeon Anarchist's Cookbook,Matt Dinniman,16 hrs and 54 mins,4.9
13,The Personal Trainer,Rebecca Collomosse,9 hrs,4.2
13,"Magical Fusion Collection, Books 1-4",Jonathan Brooks,72 hrs and 9 mins,4.5
13,Dead World,Craig Alanson,16 hrs and 18 mins,4.8
13,Dark Age,Pierce Brown,33 hrs and 58 mins,4.7
13,Brutal,Helen Hardt,7 hrs and 40 mins,Not rated yet
14,The Beginner’s Guide to Forex Thinking,Hadwin Houle,6 mins,Not rated yet
14,Primal Hunter 4,Zogarth,20 hrs and 28 mins,4.9
14,Valkyrie,Craig Alanson,19 hrs and 45 mins,4.8
14,Onyx Storm,Rebecca Yarros,23 hrs and 52 mins,4.7
14,Dune,Frank Herbert,21 hrs and 2 mins,4.7
14,Quicksilver,Callie Hart,20 hrs and 41 mins,4.8
14,The Sniper,"Jack Flynn, Lainey Ray",7 hrs and 59 mins,5.0
14,Stolen by Shadows,Elizabeth Helen,13 hrs and 30 mins,4.9
14,What the Letters Carry,Astrid Veld,5 hrs and 5 mins,Not rated yet
14,Diary of a Wimpy Kid,Jeff Kinney,1 hr and 56 mins,4.4
14,The Quiet Framework of Digital Marketing,Kyla Greer,6 mins,Not rated yet
14,Online Marketing with Clarity,Sapphire Chavez,6 mins,Not rated yet
14,Red Rising,Pierce Brown,16 hrs and 12 mins,4.7
14,The Unfinished Business of Opal Bloom,E.C Stilson,8 hrs and 25 mins,5.0
14,Reborn as a Demonic Tree 8,XKarnation XKarnation,13 hrs and 20 mins,Not rated yet
14,Hive,Dan Abnett,24 hrs and 25 mins,4.7
14,Wait with Me,Amy Daws,6 hrs and 47 mins,4.5
14,48 Laws of Power,Robert Greene,23 hrs and 6 mins,4.6
14,There Once was a Dancer,Patricia Logan,10 hrs and 23 mins,Not rated yet
14,La deliciosa tortura de amar a tu peor enemigo,"Brigitte Knightley, Eva Carballeira Díaz - translator",13 hrs and 49 mins,5.0
15,Wrapped in Their Arms,Evangeline Anderson,11 hrs and 54 mins,Not rated yet
15,Iron Gold,Pierce Brown,23 hrs and 23 mins,4.6
15,Remarkably Bright Creatures,Shelby Van Pelt,11 hrs and 16 mins,4.8
15,The Stone Saga,Dakota Willink,46 hrs and 45 mins,Not rated yet
15,Stellar Showdown,Mixon Trammell,9 hrs and 31 mins,Not rated yet
15,Our Dream Home,Jessica Huntley,7 hrs and 39 mins,4.5
15,The Odyssey,"Homer, Emily Wilson - translator",13 hrs and 32 mins,4.6
15,The Word of Promise Audio Bible: Complete Bible---Hear the Bible Come Alive (NKJV),Thomas Nelson,98 hrs and 1 min,4.7
15,Maple & Moonlight,Daphne Elliot,11 hrs and 23 mins,4.5
15,The Subtle Art of Not Giving a F*ck,Mark Manson,5 hrs and 17 mins,4.5
15,The Celluloid Sentry,"Anna Elliott, Charles Veley",9 hrs and 14 mins,4.9
15,Fourth Wing (Part 1 of 2) (Dramatized Adaptation),Rebecca Yarros,7 hrs and 52 mins,4.8
15,The Odyssey,"Homer, Robert Fagles - translator",13 hrs and 3 mins,4.5
15,The Goal,Elle Kennedy,10 hrs and 39 mins,4.5
15,Room 21,Jessica Huntley,8 hrs and 56 mins,4.3
15,Dust to Dust,Jen Wilkin,3 hrs and 46 mins,5.0
15,He Who Fights with Monsters 7,"Shirtaloon, Travis Deverell",18 hrs and 39 mins,4.9
15,The Let Them Theory,Mel Robbins,10 hrs and 38 mins,4.6
15,The Iliad,"Homer, Emily Wilson - translator",20 hrs and 23 mins,4.6
15,Broken Fae,"Caroline Peckham, Susanne Valenti",20 hrs and 58 mins,4.8
16,Mage Tank 4,Cornman,20 hrs and 45 mins,4.8
16,Iron Flame (Part 1 of 2) (Dramatized Adaptation),Rebecca Yarros,11 hrs and 38 mins,4.8
16,The Holy Bible: King James Version,King James Bible,82 hrs and 53 mins,4.7
16,Ground State,Craig Alanson,19 hrs and 20 mins,4.8
16,It's Not Her,Mary Kubica,11 hrs and 2 mins,4.3
16,The Coffee Shop Detectives,Louise Mumford,10 hrs and 56 mins,4.5
16,Ransom,Daniel Silva,9 hrs and 48 mins,4.6
16,Light Bringer,Pierce Brown,30 hrs and 8 mins,4.9
16,The Admiral & the Assistant,Roger Black,36 hrs and 54 mins,5.0
16,Can't Hurt Me,David Goggins,13 hrs and 37 mins,4.9
16,Venom & Vengeance,Emma Slate,11 hrs and 13 mins,4.8
16,Gateway,Craig Alanson,19 hrs and 26 mins,4.8
16,The Words Between the Lines,Astrid Veld,5 hrs and 9 mins,Not rated yet
16,The Very Irresistible Bachelors Complete Collection (1-8),Layla Hagen,61 hrs and 6 mins,4.8
16,The Primal Hunter 3,Zogarth,18 hrs and 23 mins,4.9
16,The Lighthouse Keeper's Retreat,"Josie Adams, Audible Sleep",1 hr and 11 mins,4.0
16,Not a Gentleman,Lani Lynn Vale,6 hrs and 19 mins,4.9
16,Theurge,Terry Mancour,19 hrs and 52 mins,4.6
16,The Divorce,Freida McFadden,8 hrs and 1 min,4.5
16,Artificial Intelligence in Plain Language,Jillian Hodges,7 mins,Not rated yet
17,Thrust & Throttle,Emma Slate,11 hrs and 23 mins,4.7
17,Splinter Angel: Book 3,Avaritiabona,16 hrs and 57 mins,4.7
17,Miss Gentle and the Case of the Very Flat Monk,Travis Baldree,43 mins,4.5
17,Defiance of the Fall 6,"TheFirstDefier, JF Brink",23 hrs and 1 min,4.8
17,Dear Debbie,Freida McFadden,7 hrs and 40 mins,4.6
17,The Peculiar Talent of Miss Elizabeth Bennet,Elizabeth Adams,3 hrs and 19 mins,5.0
17,Death Has Joined the Party,"Rachel Aaron, Travis Bach",23 hrs and 58 mins,4.6
17,Forgiving What You Can't Forget,Lysa TerKeurst,8 hrs and 20 mins,4.4
17,Hyperpolitics,Anton Jäger,3 hrs and 55 mins,4.6
17,Pyros,Sean Liscom,12 hrs and 19 mins,5.0
17,The Day After,Brian Tyler Cohen,6 hrs and 22 mins,4.9
17,Star Wars: Darth Plagueis,James Luceno,14 hrs and 45 mins,4.8
17,Rites of the Starling,Devney Perry,17 hrs and 22 mins,4.8
17,The Will of the Many,James Islington,28 hrs and 14 mins,4.8
17,The Complete Sunset on America Series,Ryan Schow,58 hrs and 45 mins,4.5
17,He Who Fights with Monsters 8,"Shirtaloon, Travis Deverell",18 hrs and 12 mins,4.8
17,The History of Grocery Stores and Food Access in America,"Hanna Garth, The Great Courses",2 hrs and 37 mins,4.4
17,Mage Tank 3,Cornman,23 hrs and 5 mins,4.8
17,Catching Fire,Suzanne Collins,11 hrs and 3 mins,4.9
17,Dungeon Crawler Carl,Matt Dinniman,13 hrs and 31 mins,4.8
18,The Widow on Dwyer Court,Lisa Kusel,8 hrs and 8 mins,4.4
18,Malevolent King,Mila Kane,10 hrs and 9 mins,4.9
18,Nightmare Realm Summoner 3,Actus,22 hrs and 18 mins,4.8
18,My Husband Next Door,K. L. Slater,9 hrs and 39 mins,4.4
18,Chasing Embers,Glenn Beck,8 hrs and 10 mins,4.9
18,The Rector's Daughter,Jean Grainger,13 hrs and 1 min,Not rated yet
18,Agent Zero Spy Thriller Bundle,Jack Mars,20 hrs and 8 mins,Not rated yet
18,Locked in with the Plug 2,Nek Mills,5 hrs and 56 mins,Not rated yet
18,This Will Make You Smarter,John Brockman,12 hrs and 7 mins,3.7
18,The Ghosts of Greenville,Gerri Hill,7 hrs and 17 mins,4.7
18,Spinoza,"Gilles Deleuze, Robert Hurley - Translator - translator",5 hrs and 16 mins,Not rated yet
18,Herald of Justice,"J.N. Chaney, Aaron Bunce, Terry Maggert",12 hrs and 16 mins,Not rated yet
18,Beastforged Bond,HideousGrain,13 hrs and 13 mins,4.6
18,Growth Without Burnout,Lois Castro,5 mins,Not rated yet
18,The Consistent You,Will Harding,6 mins,Not rated yet
18,Personal Growth in Real Life,Adele Schmidt,5 mins,Not rated yet
18,Half Double Murder,Marshall Thornton,7 hrs and 22 mins,5.0
18,Illicit Vows,Piper Stone,9 hrs and 10 mins,5.0
18,Dragon's Reveal,Nora Phoenix,11 hrs and 44 mins,5.0
18,Defiance of the Fall 2,"TheFirstDefier, JF Brink",24 hrs and 30 mins,4.8
19,Torrent Witches Cozy Mysteries Complete Box Set: Books 1-10,Tess Lake,65 hrs and 31 mins,4.8
19,The Practical Money Management Guide,Emma Hum,7 mins,Not rated yet
19,The Practical Intelligence Shift,Eva Ryan,6 mins,Not rated yet
19,Forex Basics to Strategy,Oscar Lipsey,6 mins,Not rated yet
19,AI for Curious Minds,Trix Meyer,6 mins,Not rated yet
19,Small Business Content Strategy Simplified,Keely Young,8 mins,Not rated yet
19,Pride and Prejudice,"Jane Austen, Lulu Raczka",4 hrs and 34 mins,4.8
19,One Small Echo,Jane Washington,15 hrs and 42 mins,4.8
19,The Hunger Games,Suzanne Collins,10 hrs and 35 mins,4.9
19,All's Fair in Love and Blood,Jennifer Peel,10 hrs and 16 mins,4.7
19,Never Lie,Freida McFadden,7 hrs and 20 mins,4.4
19,SEAL of Protection,Susan Stoker,36 hrs and 34 mins,4.7
19,Magnifica Humanitas,Pope Leo XIV,5 hrs and 56 mins,Not rated yet
19,A Court of Thorns and Roses (Part 1 of 2) (Dramatized Adaptation),Sarah J. Maas,6 hrs and 4 mins,4.5
19,"Loner Life in Another World, Vol. 10",Shoji Goji,13 hrs and 21 mins,4.5
19,Trapped,"James Patterson, Max DiLallo",3 hrs and 45 mins,4.6
19,The Ballad of Falling Dragons,Sarah A. Parker,26 hrs and 5 mins,4.7
19,A Court of Mist and Fury (Part 1 of 2) (Dramatized Adaptation),Sarah J. Maas,8 hrs and 26 mins,4.8
19,Want to Know a Secret?,Freida McFadden,8 hrs and 26 mins,4.3
19,Business Dragon,Logan Jacobs,7 hrs and 38 mins,4.0
20,Remnant,Ken Lozito,9 hrs and 4 mins,5.0
20,The Lost & Found Box Set,Catherine Cowles,47 hrs and 54 mins,4.8
20,Wild Scottish Fate,Tricia O'Malley,10 hrs and 18 mins,4.9
20,All the Ugly and Wonderful Things,Bryn Greenwood,11 hrs and 8 mins,4.4
20,The Primal Hunter 8,Zogarth,19 hrs and 50 mins,4.9
20,We Are Legion (We Are Bob),Dennis E. Taylor,9 hrs and 56 mins,4.7
20,Homer Box Set: Iliad & Odyssey,"Homer, W. H. D. Rouse - translator",25 hrs and 2 mins,4.6
20,The Last Heroes,Chris Fritschi,11 hrs and 16 mins,Not rated yet
20,"Starship's Brain, Part 2 The I, Starship 3-Book Space Opera Box Set",Scott Bartlett,22 hrs and 30 mins,4.3
20,Spellmonger,Terry Mancour,18 hrs and 22 mins,4.3
20,Delivering Justice 2,Silas Sinclair,17 hrs and 18 mins,4.7
20,The Glass: The Complete Series,Nathan Hystad,33 hrs and 22 mins,4.3
20,Sufficiently Advanced Magic,Andrew Rowe,21 hrs and 58 mins,4.6
20,Moon Rising,Tui T. Sutherland,7 hrs and 30 mins,4.9
20,Madness,Shantel Tessier,23 hrs and 33 mins,4.8
20,Lie to Me,Molly McAdams,13 hrs and 53 mins,4.5
20,Tyler's Rule,Jolie Vines,11 hrs and 10 mins,4.9
20,The Modern AI Handbook,Victoria Barlow,6 mins,Not rated yet
20,Personal Finance Made Understandable,Lincoln Cooke,7 mins,Not rated yet
20,The AI-Powered Knowledge Builder,Edwin Fleming,6 mins,Not rated yet
21,The Connor Family Complete Collection (1-6),Layla Hagen,39 hrs and 40 mins,4.6
21,Crimson & Ash: A Dragon Master's Ascension 2,Shane Hammond,10 hrs and 16 mins,4.9
21,He Who Fights with Monsters 10,"Shirtaloon, Travis Deverell",25 hrs and 18 mins,4.8
21,The Primal Hunter 2,Zogarth,19 hrs and 25 mins,4.8
21,The Legacy,Elle Kennedy,8 hrs and 43 mins,4.6
21,Titan's Ascension,Triopals,18 hrs and 36 mins,4.7
21,Awakening of the Starborne,Louve -ch,20 hrs and 47 mins,5.0
21,The Housemaid Is Watching,Freida McFadden,11 hrs and 42 mins,4.4
21,Just Kiss Already,Lily Chu,9 hrs and 30 mins,4.5
21,The Primal Hunter 13,Zogarth,20 hrs and 10 mins,4.9
21,Veil of Web and Ruin,Aria Ashbrook,2 hrs and 30 mins,4.4
21,The Room Next Door,Wendy Walker,8 hrs and 46 mins,4.5
21,Growth Through Daily Habits,James Marrow,5 mins,Not rated yet
21,All DEAD,T. W. Brown,143 hrs and 15 mins,4.4
21,Dark Age (3 of 3) [Dramatized Adaptation],Pierce Brown,11 hrs and 1 min,4.9
21,"Trapped in a Dating Sim: The World of Otome Games Is Tough for Mobs, Vol. 10",Yomu Mishima,6 hrs and 53 mins,5.0
21,The Wandering Inn,pirateaba,48 hrs and 7 mins,4.4
21,It's About Time,Harlow James,10 hrs and 58 mins,4.8
21,Falling for Your Enemy,Emma St. Clair,11 hrs and 44 mins,5.0
21,The Power of Now,Eckhart Tolle,7 hrs and 37 mins,4.7
22,Nowhere to Turn: The Complete Series,"Stacey Upton, Mike Kraus",78 hrs and 42 mins,4.4
22,Becoming More Intentional,Liesa Agha,6 mins,Not rated yet
22,The Everyday AI Toolkit,Honey Tucker,6 mins,Not rated yet
22,The Everyday Financial Skills Handbook,Eddie Howard,7 mins,Not rated yet
22,Tempting Venom,Rina Kent,14 hrs and 10 mins,4.9
22,Stop Letting Everything Affect You,Daniel Chidiac,3 hrs and 44 mins,4.8
22,Let the Dead Sleep,Michael Wood,8 hrs and 51 mins,4.6
22,Some Like It Lethal,Brynn Kelly,10 hrs and 17 mins,4.7
22,Brimstone,Callie Hart,24 hrs and 30 mins,4.7
22,Dune Messiah,Frank Herbert,8 hrs and 57 mins,4.4
22,Onyx Storm (Part 1 of 2) (Dramatized Adaptation),Rebecca Yarros,9 hrs and 41 mins,4.8
22,The Score,Elle Kennedy,11 hrs and 39 mins,4.6
22,Finding Me,Viola Davis,9 hrs and 15 mins,4.9
22,Butcher & Blackbird,Brynne Weaver,8 hrs and 43 mins,4.7
22,The Housemaid's Secret,Freida McFadden,9 hrs and 44 mins,4.6
22,All the Skills 6: A Deck-Building LitRPG,Honour Rae,11 hrs and 14 mins,4.8
22,The Housemaid,Freida McFadden,9 hrs and 46 mins,4.6
22,"Listener's Audio Bible—New International Version, NIV: Complete Bible",Max McLean,75 hrs and 14 mins,4.7
22,Defiance of the Fall 7,"TheFirstDefier, JF Brink",23 hrs and 3 mins,4.8
23,"Body Refinement in a Beast Tamer’s World, Book 2",Seth Ring,14 hrs and 23 mins,4.8
23,What She Saw,Mary Burton,10 hrs and 1 min,4.3
23,Fallout,Craig Alanson,22 hrs and 29 mins,4.9
23,Fated Throne,"Caroline Peckham, Susanne Valenti",26 hrs and 5 mins,4.7
23,Overpowered Demon Lord Slayer,SeanS3r3s,8 hrs and 25 mins,4.5
23,For We Are Many,Dennis E. Taylor,8 hrs and 59 mins,4.8
23,Frostholm,Coldhollow Batson,17 hrs and 33 mins,5.0
23,Sins in the City,Elle Gray,8 hrs and 19 mins,4.9
23,Forbidden Desires: The Complete Series,Kendall Ryan,22 hrs and 25 mins,4.5
23,Project Hail Mary,Andy Weir,16 hrs and 10 mins,4.9
23,Building a Stronger Version of Yourself,Jasmine Guzman,6 mins,Not rated yet
23,Forex Trading Made Understandable,Emily Vaughn,7 mins,Not rated yet
23,The Calm Approach to Crypto Investing,Kayla Shepard,6 mins,Not rated yet
23,Crypto Without Confusion,Avery Craig,6 mins,Not rated yet
23,How to Win Friends & Influence People,Dale Carnegie,7 hrs and 15 mins,4.7
23,Space: 1972,Bill Oakley,7 hrs and 6 mins,4.7
23,ColdIron,Meg Xuemei X,8 hrs and 34 mins,4.6
23,The Ballad of Songbirds and Snakes,Suzanne Collins,16 hrs and 16 mins,4.5
23,The Alchemist,Paulo Coelho,4 hrs,4.7
23,"1% Lifesteal, Volume 4",Robert Blaise,17 hrs and 55 mins,4.8
24,House of Earth and Blood (Part 1 of 2) (Dramatized Adaptation),Sarah J. Maas,11 hrs and 51 mins,4.5
24,The Other Patient,Daniel Hurst,6 hrs and 54 mins,3.8
24,Haunting Adeline,H. D. Carlton,16 hrs and 45 mins,4.5
24,Onyx Storm (Part 2 of 2) (Dramatized Adaptation),Rebecca Yarros,10 hrs and 17 mins,4.8
24,Run for Your Life,Lucinda Berry,2 hrs and 3 mins,3.8
24,Blood Meridian,Cormac McCarthy,13 hrs and 6 mins,4.4
24,Never Split the Difference,"Chris Voss, Tahl Raz",8 hrs and 7 mins,4.8
24,Whistler,Ann Patchett,10 hrs and 44 mins,4.6
24,A Court of Frost and Starlight (Dramatized Adaptation),Sarah J. Maas,5 hrs and 33 mins,4.3
24,Defiance of the Fall 16,"TheFirstDefier, JF Brink",22 hrs and 17 mins,4.6
24,Fire & Frenzy,Emma Slate,12 hrs and 31 mins,4.9
24,Communion,J. D. Vance,7 hrs and 50 mins,4.8
24,Hollow Kings,Alexander Gui,13 hrs and 16 mins,4.8
24,Mockingjay,Suzanne Collins,11 hrs and 19 mins,4.9
24,"Defiance of the Fall, Book 10","TheFirstDefier, JF Brink",20 hrs and 8 mins,4.8
24,The Nature and Nurture of Narcissism,Peter Salerno PsyD,3 hrs and 44 mins,5.0
24,Runaway Queen,Mila Kane,9 hrs and 12 mins,4.9
24,The Weaponization of Loneliness,Stella Morabito,8 hrs and 53 mins,Not rated yet
24,Defiance of the Fall 3,"TheFirstDefier, JF Brink",24 hrs and 34 mins,4.8
25,Dark Requiem,Tyler Edwards,12 hrs and 31 mins,5.0
25,A Life Unraveled,Jill Hannah Anderson,9 hrs and 48 mins,4.4
25,Adult Children of Emotionally Immature Parents,Lindsay C. Gibson PsyD,6 hrs and 50 mins,4.8
25,Tiamat's Wrath,James S. A. Corey,19 hrs and 8 mins,4.9
25,Fates & Family,Toni Binns,10 hrs and 16 mins,Not rated yet
25,A Court of Mist and Fury (Part 2 of 2) (Dramatized Adaptation),Sarah J. Maas,8 hrs and 23 mins,4.9
25,Wolf Born: The Complete Series,Michelle Madow,22 hrs and 58 mins,4.5
25,The Shadow Rising,Robert Jordan,41 hrs and 13 mins,4.8
25,Match Game,Craig Alanson,20 hrs and 20 mins,4.9
25,McCammon's Shoppe of Olde Curiosities: Stories,Robert McCammon,14 hrs and 4 mins,4.7
25,The Last Letter,Rebecca Yarros,13 hrs and 23 mins,4.7
25,Edge of Steel,Elizabeth Dear,11 hrs and 41 mins,4.9
25,How to Talk to Anyone,Leil Lowndes,8 hrs and 59 mins,4.2
25,We Are All Guilty Here,Karin Slaughter,16 hrs and 33 mins,4.7
25,The Count of Monte Cristo,Alexandre Dumas,52 hrs and 41 mins,4.8
25,Cozy Witch Mysteries: Special Edition Box Set of 8 Books,Angela Pepper,77 hrs and 20 mins,4.5
25,Woman Down,Colleen Hoover,11 hrs and 38 mins,3.9
25,Defiance of the Fall 12,"TheFirstDefier, JF Brink",26 hrs and 24 mins,4.8
25,Meat Eaters,Michael Cole,7 hrs and 31 mins,Not rated yet
25,Don't Believe Everything You Think (Expanded Edition),Joseph Nguyen,2 hrs and 36 mins,4.5
